<suite name = "OrangeHRM Test Suite">
	<test name ="Admin login TestCase with Valid Inputs">
		<parameter name ="adminuid" value="Admin">  </parameter>
		<parameter name ="adminpwd" value="Qedge123!@#"></parameter>
			<classes>
				<class name= "orangehrm.testcases.AdminLoginTestwithValidData"></class>
		</classes>
	</test>
	
	<test name ="Admin Login TestCase with Invalid Inputs">
		<parameter name ="uid" value ="abcd"></parameter>
		<parameter name ="pwd" value ="xycs"></parameter>
		<classes>
			<class name="orangehrm.testcases.AdminLoginTestwithInvalidData"></class>
		</classes>
	</test>
	
	<test name ="New Employee Registration TestCase ">
	<parameter name="fname" value ="sujana"></parameter>
	<parameter name="lname" value ="Demo"></parameter>
		<classes>
			<class name = "orangehrm.testcases.EmployeeRegTest"></class>
		</classes>
	</test>
	<!-- 
	<test name ="New User Registration TestCase">
	<parameter name ="role" value ="ESS"></parameter>
	<parameter name ="empname" value ="sujana Demo"></parameter>
	<parameter name ="uid" value ="sujana"></parameter>
	<parameter name ="pwd" value = "Qedge123!@#"></parameter>
		<classes>
			<class name ="orangehrm.testcases.UserRegTest"></class>
		</classes>
	
	</test>
	-->
	<test name="Employee Login TestCase">
		<parameter name= "empuid" value= "sujana"></parameter>
		<parameter name= "emppwd" value= "Qedge123!@#"></parameter>
		<classes>
			<class name ="orangehrm.testcases.EmployeeLoginTest"></class>
	
		</classes>
	
	
	</test>
	
</suite>